{"schemaVersion":"1.0","appDefinitionTemplate":{"id":"/providers/Microsoft.PowerApps/apps/","type":"Microsoft.PowerApps/apps","tags":{"sp-site-id":"https://websoftau2023.sharepoint.com/sites/MySite","sp-list-id":"79fe32fc-4da0-4d92-ae69-23a2ab04065f","https://websoftau2023.sharepoint.com/sites/MySite":"79fe32fc-4da0-4d92-ae69-23a2ab04065f","primaryDeviceWidth":"640","primaryDeviceHeight":"1136","supportsPortrait":"true","supportsLandscape":"true","primaryFormFactor":"Phone","showStatusBar":"false","publisherVersion":"3.23105.15","minimumRequiredApiVersion":"2.2.0","hasComponent":"false","hasUnlockedComponent":"false","isUnifiedRootApp":"false","sienaVersion":"20231109T180319Z-3.23105.15.0"},"properties":{"appVersion":"2023-11-09T18:03:19Z","lifeCycleId":"Published","createdByClientVersion":{"major":3,"minor":23105,"build":15,"revision":0,"majorRevision":0,"minorRevision":0},"minClientVersion":{"major":3,"minor":23105,"build":15,"revision":0,"majorRevision":0,"minorRevision":0},"backgroundColor":"rgba(255, 255, 255, 1)","backgroundImageUri":"/6011048571284067585/N23dc27f5-6bc4-410b-9277-cf01a99351ea-logoSmallFile","displayName":"WIP","description":"","aiGeneratedDescription":"Empower business users to efficiently manage and track work in progress with the WIP app. Seamlessly navigate through screens and utilize various components to browse, edit, and delete work items. Easily view and update important details such as title, work item, complete percentage, progress, and priority. Stay organized with combobox options for progress and priority choices. Boost productivity and streamline workflows with the WIP app.","commitMessage":"","appUris":{"documentUri":{"value":"/6011048571284067585/N2f9da8c8-2c62-4715-8f80-a70c8e1a4a63-document.msapp"},"imageUris":[],"additionalUris":[]},"createdTime":"0001-01-01T00:00:00Z","lastModifiedTime":"0001-01-01T00:00:00Z","sharedGroupsCount":0,"sharedUsersCount":0,"connectionReferences":{"2b141fda-959a-42ad-ab8f-4566233d3be8":{"id":"eb375876-f104-438f-8be5-a9e78a1e71e4","displayName":"SharePoint","iconUri":"https://connectoricons-prod.azureedge.net/releases/v1.0.1664/1.0.1664.3477/sharepointonline/icon.png","dataSources":["Work In Progress"],"dependencies":[],"dependents":[],"parameterHints":{},"parameterHintsV2":{},"isOnPremiseConnection":false,"bypassConsent":false,"dataSets":{"https://websoftau2023.sharepoint.com/sites/MySite":{"dataSources":{"Work In Progress":{"tableName":"79fe32fc-4da0-4d92-ae69-23a2ab04065f"}}}},"apiTier":"Standard","isCustomApiConnection":false,"actions":["providers/PowerPlatform.Governance/Operations/Read","providers/PowerPlatform.Governance/Operations/Write","providers/PowerPlatform.Governance/Operations/Delete"]}},"databaseReferences":{},"almMode":"Environment","performanceOptimizationEnabled":true,"canConsumeAppPass":true,"enableModernRuntimeMode":false,"executionRestrictions":{"isTeamsOnly":false,"dataLossPreventionEvaluationResult":{"status":"Compliant","lastEvaluationDate":"2023-11-09T14:31:20.2377321Z","violations":[],"violationsByPolicy":[],"violationErrorMessage":"The app uses the following connectors: shared_sharepointonline."}}},"appType":"ClassicCanvasApp","appComponents":[]}}